{"chunk_definitions":[{"chunk_id":"ci5a7r73xwtfy","chunk_label":"unnamed-chunk-1","document_id":null,"expansion_state":0,"options":{"engine":"r","label":"unnamed-chunk-1","message":false,"warning":false},"row":8,"row_count":1,"visible":true},{"chunk_id":"ctxj56pcibbvp","chunk_label":"unnamed-chunk-2","document_id":null,"expansion_state":0,"options":{"engine":"r","label":"unnamed-chunk-2","message":false,"warning":false},"row":15,"row_count":1,"visible":true},{"chunk_id":"c9qdmlj29u5ph","chunk_label":"unnamed-chunk-3","document_id":null,"expansion_state":0,"options":{"engine":"r","label":"unnamed-chunk-3","message":false,"warning":false},"row":25,"row_count":1,"visible":true},{"chunk_id":"cmylbxihkeqeg","chunk_label":"unnamed-chunk-4","document_id":null,"expansion_state":0,"options":{"engine":"r","label":"unnamed-chunk-4"},"row":39,"row_count":1,"visible":true},{"chunk_id":"cx5g279sw5qf6","chunk_label":"unnamed-chunk-5","document_id":null,"expansion_state":0,"options":{"engine":"r","label":"unnamed-chunk-5"},"row":47,"row_count":1,"visible":true},{"chunk_id":"c6tsst2jhpjqb","chunk_label":"unnamed-chunk-6","document_id":null,"expansion_state":0,"options":{"engine":"r","label":"unnamed-chunk-6","rows.print":142},"row":59,"row_count":1,"visible":true},{"chunk_id":"c4vw0qym8teqw","chunk_label":"unnamed-chunk-7","document_id":null,"expansion_state":0,"options":{"engine":"r","label":"unnamed-chunk-7"},"row":83,"row_count":1,"visible":true},{"chunk_id":"caqs2mgbbgmh6","chunk_label":"unnamed-chunk-8","document_id":null,"expansion_state":0,"options":{"engine":"r","label":"unnamed-chunk-10"},"row":96,"row_count":1,"visible":true},{"chunk_id":"co9rgdu4uhzru","chunk_label":"unnamed-chunk-9","document_id":null,"expansion_state":0,"options":{"engine":"r","label":"unnamed-chunk-11"},"row":101,"row_count":1,"visible":true}],"doc_write_time":1564432432}