"0","#Check for differences"
"0","ts1 <- t.test(DPETHISP ~ treat, data = match)   #%Hispanic"
"0","ts2 <- t.test(DPETBLAP ~ treat, data = match)   #%African American"
"0","ts3 <- t.test(DPETDISC ~ treat, data = match)   #Count of Students w/ Disciplinary Placements "
"0","ts4 <- t.test(DPETECOP ~ treat, data = match)   #Economically Disadvantaged <- Number of students on free/reduced lunch."
"0","ts5 <- t.test(DDALLS   ~ treat, data = match)   #Accountability from 17-18 <- From the data dictionary of 1718"
"0",""
"0",""
"0","#These are our match variables. The outputted values are p-values They should all be p > .05"
"0",""
"0","ts1$p.value"
"1","[1]"
"1"," 0.7130748"
"1","
"
"0","ts2$p.value"
"1","[1]"
"1"," 0.5902378"
"1","
"
"0","ts3$p.value"
"1","[1]"
"1"," 0.6286317"
"1","
"
"0","ts4$p.value"
"1","[1]"
"1"," 0.6325586"
"1","
"
"0","ts5$p.value"
"1","[1]"
"1"," 0.8785208"
"1","
"
"0","#They are! Molly did a beautiful job matching! - NY 07/26/19"
"0",""
"0",""
